title,link,description,author
Cura Reiki para os Chakras,https://play.google.com/store/books/details?id=ad_WEAAAQBAJ&source=gbs_api,"Este livro mostra como usar o Reiki para curar e equilibrar os chakras para alcan√ßar o crescimento pessoal e espiritual. O material apresentado aqui √© perfeito para os praticantes de cura iniciantes, tanto para construir conhecimento do sistema de chakras quanto para aprender sobre as t√©cnicas e tradi√ß√µes do Reiki. Discuto o que cada um deles √© e como funcionam juntos para complementar uma medicina energ√©tica ou uma pr√°tica de cura hol√≠stica. Use as orienta√ß√µes deste livro do in√≠cio ao fim (recomendado para iniciantes) ou navegue at√© o cap√≠tulo em que est√° interessado. Este livro tem uma estrutura flex√≠vel para permitir que voc√™ escolha o que precisa no momento, sem se sentir perdido se tiver tend√™ncia a pule ao redor. Espero que esse conhecimento o inspire a usar sua conex√£o com o Reiki, seu canal de Reiki, para melhorar sua vida e expandir-se espiritualmente com gra√ßa, facilidade e confian√ßa. Com uma pr√°tica dedicada e algum tempo e esfor√ßo gastos usando seus dons e conectando-se com o Esp√≠rito, qualquer pessoa pode aprender essa modalidade pr√°tica. A ci√™ncia da f√≠sica qu√¢ntica reconheceu a presen√ßa de uma for√ßa unificadora de energia entre todas as mat√©rias do Universo. Essa for√ßa vital une o corpo, a mente e o Esp√≠rito com a energia da Fonte. Portanto, o Reiki pode ser usado para experimentar a unidade com tudo o que existe. Por meio desse trabalho, voc√™ ser√° capaz de fornecer um espa√ßo de cura para si mesmo ou de ajudar as pessoas a se curarem de maneiras profundas. Quer voc√™ planeje usar o Reiki para sua pr√≥pria sa√∫de e bem-estar, ou planeje expandir sua pr√°tica para o treinamento de professores mestres de Reiki, este livro √© um excelente ponto de partida. Desejo a voc√™ muitas b√™n√ß√£os de amor e luz neste momento de despertar. Que a sua aplica√ß√£o e integra√ß√£o deste trabalho sejam uma alegria e uma ilumina√ß√£o em sua vida.",
Manual da cura tibetana,http://books.google.com.br/books?id=miJl00d-4XsC&dq=cura+quantica+OR+energia+OR+chakras+OR+reiki+OR+lei+da+atracao+OR+cura+natural&hl=&as_pt=BOOKS&source=gbs_api,,['Thomas Dunkenberger']
Reik - Cura E Harmonia Atrav√©s Das Maos,http://books.google.com.br/books?id=Zm8_oFhpKmcC&dq=cura+quantica+OR+energia+OR+chakras+OR+reiki+OR+lei+da+atracao+OR+cura+natural&hl=&as_pt=BOOKS&source=gbs_api,,
Reiki Para a Cura Emocional,http://books.google.com.br/books?id=5zAxLoezucQC&dq=cura+quantica+OR+energia+OR+chakras+OR+reiki+OR+lei+da+atracao+OR+cura+natural&hl=&as_pt=BOOKS&source=gbs_api,,
"EMPATIA PS√çQUICA 5 LIVROS EM 1 Reiki para Iniciantes, Kundalini, Cura dos Chakras, Budismo, Desenvolvimento Ps√≠quico, Terceiro Olho, T√©cnicas de Sono Profundo, Terapia de Conscientiza√ß√£o, Empatia e Yoga Sutras",https://play.google.com/store/books/details?id=2XLuEAAAQBAJ&source=gbs_api,"No in√≠cio, muitas pessoas desejam t√©cnicas simples de medita√ß√£o. Alguns tipos de medita√ß√£o que s√£o bons para iniciantes s√£o a medita√ß√£o das ondas cerebrais, a medita√ß√£o respirat√≥ria ou a medita√ß√£o hipn√≥tica. O terceiro olho (relacionado ao sexto chakra) √© uma propriedade conhecida do corpo et√©rico. Ele cont√©m numerosos poderes ps√≠quicos de consci√™ncia superior, incluindo clarivid√™ncia e PES. Pesquisas recentes est√£o cada vez mais convergindo sobre a poss√≠vel conex√£o entre o terceiro olho e a gl√¢ndula pineal, que √© uma parte √∫nica do c√©rebro porque n√£o est√° diretamente conectada a nenhum dos hemisf√©rios. Estudos subsequentes forneceram evid√™ncias conclusivas dos efeitos adversos do fl√∫or na gl√¢ndula pineal. No interesse do desenvolvimento da consci√™ncia humana, √© essencial nutrir a gl√¢ndula pineal e evitar que contaminantes inorg√¢nicos danifiquem irreversivelmente esta parte cr√≠tica do c√©rebro. Abrir o seu cora√ß√£o √© uma indica√ß√£o de abrir literalmente o seu cora√ß√£o f√≠sico para a frequ√™ncia do amor verdadeiro, que √© o amor incondicional. √â um amor pr√≥prio que n√£o se baseia nas necessidades do ego, no reconhecimento ou nas conquistas mundanas. Quando voc√™ abre seu cora√ß√£o f√≠sico, voc√™ abre seu chacra card√≠aco, e isso faz o amor fluir atrav√©s de seu c√©rebro, de seu corpo e do mundo inteiro. √â uma vida aut√™ntica. A maioria das pessoas pensa que sente amor verdadeiro quando est√° apaixonada ou em um relacionamento. Este pode ser o caso de alguns, mas a maioria das pessoas assume ansiedade, depress√£o, cinismo, viol√™ncia interna e falta de autocompaix√£o, ent√£o elas realmente partem do amor condicional. Quando voc√™ d√° amor para receber amor, voc√™ est√° em um relacionamento condicionado. As leis da atra√ß√£o sempre direcionam sua mente e sua vida para o bem-estar. Esse fluxo √© bloqueado quando voc√™ para de aceitar as coisas como elas aparecem. Se voc√™ aprender a aceitar as coisas boas ou ruins, descobrir√° que todas as coisas levam a uma parte melhor de voc√™ mesmo. Para expandir sua mente, voc√™ precisa estar mais aberto √†s coisas. Estar aberto √†s coisas pode ser diferente do que voc√™ imaginava anteriormente. Quando voc√™ expande sua mente, as coisas que voc√™ gostaria de trazer para si mesmo tornam-se mais r√°pidas do que voc√™ as persegue. A maioria das pessoas n√£o tem ideia de como isso funciona. As t√©cnicas de medita√ß√£o podem ajud√°-lo a lidar com a vida atual, que √© cheia de lutas e estresse. Se voc√™ optar por desacelerar, h√° uma boa chance de que ele fique para tr√°s. A maioria de n√≥s vive uma vida estressante e est√° sobrecarregada de trabalho para acompanhar os outros. O estresse √© a porta de entrada para todas as queixas mentais e emocionais. A medita√ß√£o √© a melhor maneira de aliviar o estresse e viver uma vida saud√°vel e feliz. A medita√ß√£o √© tradicionalmente feita com foco em objetos como uma vela ou a respira√ß√£o. Atrav√©s da medita√ß√£o, a mente e o corpo relaxam e voc√™ experimenta paz interior. Quanto mais concentrado voc√™ estiver, melhores resultados obter√°. A medita√ß√£o ajuda a desenvolver seu n√≠vel de concentra√ß√£o. Muitas pessoas entre n√≥s acreditam que a medita√ß√£o n√£o √© para n√≥s e n√£o pode funcionar na nossa situa√ß√£o. Bem, isso est√° completamente errado, e o fato √© que qualquer pessoa pode aprender medita√ß√£o facilmente, e se voc√™ pratic√°-la regularmente, isso o ajudar√° a se conhecer melhor.",
O Guia das T√©cnicas do Reiki - Cura Reiki para Iniciantes curando mais de 100 doen√ßas,https://play.google.com/store/books/details?id=uXbVEAAAQBAJ&source=gbs_api,"Independentemente de onde voc√™ esteja no caminho, este livro √© para voc√™. Ele oferece uma cartilha sobre uma das minhas ferramentas favoritas de capacita√ß√£o, Reiki, uma energia de cura universal que tem a capacidade de mudar vidas e, acredito, mudar a energia do planeta e do universo de maneiras positivas. No entanto, antes de come√ßarmos a curar todo o universo com a energia Reiki, ele come√ßa com voc√™. Neste livro, apresento ferramentas para come√ßar a usar o Reiki, recontando a hist√≥ria do Reiki, compartilhando com voc√™ como se sintonizar e usar a energia e oferecendo informa√ß√µes sobre como usar o Reiki para si mesmo e para os outros para obter a cura que serve ao maior e maior bem. Se voc√™ est√° procurando um plano f√°cil e compreens√≠vel para se sintonizar e canalizar a energia Reiki, √© isso. Exploraremos os princ√≠pios e pr√°ticas comuns do Reiki e, a seguir, examinaremos v√°rias aplica√ß√µes para corrigir desequil√≠brios energ√©ticos que podem causar problemas f√≠sicos, mentais e emocionais.",
Mudan√ßa Cerebral Descubra sua energia de cura,https://play.google.com/store/books/details?id=e33lEAAAQBAJ&source=gbs_api,"Neste livro contarei como a abordagem puramente cient√≠fica com a qual abordei meu assunto quando era um jovem m√©dico um dia me apresentou um enorme desafio. Foi ent√£o que, aos quarenta anos, fui percebendo aos poucos que poderia contribuir para o processo de cura com as pr√≥prias m√£os, aliadas a um certo estado interior, e assim tamb√©m ajudar pessoas que pareciam n√£o ter outra ajuda. De acordo com minha autoimagem m√©dica, de repente coloquei um p√© no campo do esoterismo. N√£o pensei muito nisso, e por um bom motivo. Senti-me empenhado em continuar a hist√≥ria de sucesso cient√≠fico de uma d√©cada em que se baseia a nossa medicina moderna. Os esoteristas que se re√∫nem √† margem desta medicina, muitos deles malabaristas, charlat√µes e aproveitadores, muitas vezes confiam na f√© e na esperan√ßa em vez de na evid√™ncia. Mal sabem eles qu√£o descuidadamente podem causar danos reais a um bem t√£o importante como a sa√∫de. Neste livro, portanto, tamb√©m lhe contarei como essa capacidade inicialmente confusa de ajudar com as m√£os me for√ßou, no esp√≠rito de minha m√£e anal√≠tica, a question√°-la constantemente cientificamente e a encontrar explica√ß√µes plaus√≠veis para ela. Eu estava bem em acreditar em milagres. Eu fiz isso naquela √©poca e fa√ßo ainda mais agora com minhas d√©cadas de experi√™ncia m√©dica. Mas, primeiro, eu n√£o acreditava que qualquer m√©todo de tratamento pudesse produzir milagres sistematicamente. E em segundo lugar, eu tinha certeza de que muitas vezes confundimos as coisas com milagres simplesmente porque n√£o temos explica√ß√µes l√≥gicas para elas.",
Manual de Reiki do Dr. Mikao Usui,http://books.google.com.br/books?id=KiGZLrimLAEC&dq=cura+quantica+OR+energia+OR+chakras+OR+reiki+OR+lei+da+atracao+OR+cura+natural&hl=&as_pt=BOOKS&source=gbs_api,"Nada √© mais aut√™ntico do que o original. Essa tradu√ß√£o para o portugu√™s do manual do Reiki original, escrito pelo dr. Mikao Usui, respons√°vel pelo Sistema do Reiki e fundador da organiza√ß√£o Usui Ryoho Gakkai no Jap√£o, possibilita ao leitor que possa estudar diretamente, pela primeira vez, as posi√ß√µes das m√£os e as t√©cnicas de tratamento adotadas por ele. Publicado pela primeira vez fora do Jap√£o, este manual permitir√° a todos os praticantes do Reiki, tanto os iniciados quanto os mestres, expandir significativamente seus conhecimentos, seguindo os passos de uma do dr. Usui. Ricamente ilustrado, esse livro √© indispens√°vel aos praticantes dessa t√©cnica milenar de cura.","['Mikao Usui', 'Frank Arjava Petter']"
CURSO COMPLETO DE CHAKRAS E CURA ENERG√âTICA,https://play.google.com/store/books/details?id=97YAEQAAQBAJ&source=gbs_api,"Desvende os mist√©rios da energia vital que percorre seu corpo e transforme sua vida com o ""Curso Completo de Chakras e Cura Energ√©tica"". Este livro √© um guia abrangente e acess√≠vel para aqueles que desejam explorar e compreender os chakras, os centros de energia que influenciam todos os aspectos de nossa exist√™ncia. Com uma abordagem pr√°tica e detalhada, este curso leva voc√™ por uma jornada fascinante atrav√©s dos sete principais chakras, desde a base at√© o topo da cabe√ßa, explorando sua influ√™ncia em nossa sa√∫de f√≠sica, mental, emocional e espiritual. Voc√™ aprender√° a identificar bloqueios energ√©ticos, entender√° como eles afetam sua vida e descobrir√° t√©cnicas eficazes para desbloquear e equilibrar cada chakra. Al√©m disso, este livro oferece insights valiosos sobre a cura energ√©tica, ensinando pr√°ticas e exerc√≠cios para limpar, purificar e revitalizar seu sistema energ√©tico. Voc√™ descobrir√° como utilizar a medita√ß√£o, cristais, aromaterapia, mantras e outros m√©todos para restaurar o equil√≠brio e promover o bem-estar em todos os n√≠veis. Seja voc√™ um iniciante curioso ou um praticante experiente, o ""Curso Completo de Chakras e Cura Energ√©tica"" oferece um mapa claro e abrangente para explorar e aprimorar sua conex√£o com a energia universal. Transforme sua vida, cure seu corpo e expanda sua consci√™ncia com este guia essencial para o autoconhecimento e a cura interior.",['Marcel Souza']
Reiki Tradicional Para O Mundo Moderno,http://books.google.com.br/books?id=1rJi67A4Y0cC&dq=cura+quantica+OR+energia+OR+chakras+OR+reiki+OR+lei+da+atracao+OR+cura+natural&hl=&as_pt=BOOKS&source=gbs_api,,
Reik - O Toque Definitivo,http://books.google.com.br/books?id=q3k2a2FmDasC&dq=cura+quantica+OR+energia+OR+chakras+OR+reiki+OR+lei+da+atracao+OR+cura+natural&hl=&as_pt=BOOKS&source=gbs_api,,
O C√≠rculo da Cura,https://play.google.com/store/books/details?id=-14JEQAAQBAJ&source=gbs_api,"Este livro √© uma poderosa fonte de energia positiva e transforma√ß√£o espiritual, ideal para quem busca uma conex√£o com o Sagrado Feminino. Desenvolvido em um ambiente intensamente energizado, cada etapa de sua cria√ß√£o envolveu rituais sagrados e pr√°ticas ancestrais, infundindo cada palavra com prop√≥sitos espirituais elevados e inten√ß√µes puras de forma que a simples presen√ßa deste livro √© um im√£ que atrai as energias que atuam em favor da pessoa que o possui, transformando o livro em um presente ideal algu√©m que se quer bem. Ao mergulhar nestas p√°ginas, voc√™ ser√° guiado por ensinamentos que celebram a ess√™ncia do Sagrado Feminino, promovendo uma conex√£o √≠ntima com a natureza, a intui√ß√£o e a transforma√ß√£o pessoal. Esta obra oferece uma rica cole√ß√£o de rituais, medita√ß√µes e hist√≥rias que reverberam com a energia vital da Terra, proporcionando um caminho para a cura, o equil√≠brio e o empoderamento espiritual. Possuir este livro √© um convite que atrair√° luz e harmonia para seu espa√ßo. Dar este livro de presente √© oferecer esta mesma luz a algu√©m, pois as provid√™ncias tomadas durante a elabora√ß√£o deste livro tiveram a inten√ß√£o de transform√°-lo em um amuleto onde cada leitura √© um ritual, uma jornada de autodescoberta e conex√£o com a energia divina feminina. Criado com amor, dedica√ß√£o e uma inten√ß√£o profunda de elevar sua experi√™ncia espiritual, este livro √© ideal para pr√°ticas de medita√ß√£o, rituais sagrados e desenvolvimento espiritual. Atrav√©s de pr√°ticas espirituais cotidianas, voc√™ descobrir√° como integrar rituais de autocuidado e celebra√ß√£o dos ciclos naturais em sua rotina. Este livro √© seu companheiro para aprofundar-se em temas de feminilidade sagrada, intui√ß√£o, cura e empoderamento, trazendo um sentido renovado de prop√≥sito e equil√≠brio. As palavras e ensinamentos deste livro foram cuidadosamente elaborados para oferecer uma experi√™ncia transformadora, iluminando e enriquecendo sua jornada espiritual. Este livro √© mais do que um guia; √© uma presen√ßa viva de sabedoria e poder que transforma qualquer ambiente com sua energia positiva.",['Virginia Santos']
Tar√¥ e Reiki para Iniciantes,https://play.google.com/store/books/details?id=qEZPEQAAQBAJ&source=gbs_api,,['Alina Rubi']
Os Segredos do Reiki Revelados,https://play.google.com/store/books/details?id=rSNGEQAAQBAJ&source=gbs_api,"Conhe√ßa o Reiki, uma t√©cnica de cura milenar que o reconecta com a sua for√ßa vital e o guia para um bem-estar hol√≠stico. Este livro ir√° revelar as origens do Reiki, os seus princ√≠pios fundamentais e os m√∫ltiplos benef√≠cios que traz a n√≠vel f√≠sico, mental, emocional e espiritual. Aprender√° a canalizar a energia universal atrav√©s das suas m√£os, desbloqueando os centros energ√©ticos do seu corpo e restaurando o seu equil√≠brio natural. Explorar√° as diferentes t√©cnicas de Reiki, desde a imposi√ß√£o das m√£os at√© √† cura √† dist√¢ncia, e descobrir√° como aplic√°-las a si pr√≥prio e aos outros. Este guia completo, com explica√ß√µes claras e exerc√≠cios pr√°ticos, ensinar-lhe-√° os s√≠mbolos sagrados do Reiki e como utiliz√°-los para melhorar a cura. Descobrir√° tamb√©m como o Reiki o pode ajudar a melhorar a sua rela√ß√£o com o dinheiro e a atrair a prosperidade para a sua vida, atrav√©s de t√©cnicas e s√≠mbolos espec√≠ficos para o efeito. Quer seja um praticante de Reiki principiante ou experiente, este livro ir√° inspir√°-lo a aprofundar a sua pr√°tica e a descobrir o poder transformador da energia universal.",['Alina Rubi']
"Magia Ancestral Tar√¥, Reiki e Plantas",https://play.google.com/store/books/details?id=l3FVEQAAQBAJ&source=gbs_api,"Desperte a sabedoria ancestral que reside dentro de si com ""Magia Antiga, Tarot, Reiki e Plantas"", um guia completo que o convida a explorar a profunda liga√ß√£o entre estas ferramentas ancestrais. Aprenda a decifrar as mensagens do Tarot, a canalizar a energia curativa do Reiki, a descobrir o poder m√°gico das plantas e a reconectar-se com as suas ra√≠zes atrav√©s de rituais ancestrais. Este livro gui√°-lo-√° numa viagem de autodescoberta e cura, permitindo-lhe integrar estas pr√°ticas na sua vida quotidiana para alcan√ßar o equil√≠brio e a plenitude.",['Alina Rubi ']
Segredos de Luz Reiki e Quartzos,https://play.google.com/store/books/details?id=qrJPEQAAQBAJ&source=gbs_api,"Este livro convida-o a explorar a sinergia entre duas poderosas ferramentas de bem-estar: a sabedoria ancestral dos cristais e a energia curativa do Reiki; descubra como os cristais, venerados desde tempos imemoriais pela sua capacidade de canalizar energias subtis, se entrela√ßam com o Reiki, uma t√©cnica japonesa que harmoniza o fluxo da energia vital, para lhe oferecer um caminho para a cura hol√≠stica e o equil√≠brio pessoal, aprendendo a utilizar estas ferramentas para reduzir o stress, melhorar a auto-cura e ligar-se √† sua ess√™ncia mais profunda.",['Alina Rubi']
O poder de Reiki e Velas,https://play.google.com/store/books/details?id=FU9PEQAAQBAJ&source=gbs_api,"Descubra o poder transformador da fus√£o do Reiki e dos rituais de velas, um guia essencial para quem procura a cura, a harmonia e a prosperidade. Atrav√©s das t√©cnicas de Reiki e da magia das velas, este livro ensina a canalizar a energia vital universal, a criar espa√ßos sagrados e a manifestar os seus desejos mais profundos. Aprenda a usar a linguagem das velas, crie rituais personalizados e aplique Reiki para libertar bloqueios, curar feridas emocionais e atrair abund√¢ncia para a sua vida. Uma viagem esclarecedora ao bem-estar hol√≠stico, onde a sabedoria antiga encontra a luz da transforma√ß√£o.",['Alina Rubi']
Reik - Cura E Harmonia Atrav√©s Das Maos,http://books.google.com.br/books?id=Zm8_oFhpKmcC&dq=cura+quantica+OR+energia+OR+chakras+OR+reiki+OR+lei+da+atracao+OR+cura+natural&hl=&as_pt=BOOKS&source=gbs_api,,
A Lei Espiritual no Mundo Natural,https://play.google.com/store/books/details?id=MUENEQAAQBAJ&source=gbs_api,"Este livro desafia concep√ß√µes tradicionais ao revelar como leis espirituais podem transformar o sofrimento humano em paz, seguran√ßa e sa√∫de. A autora explica que a verdadeira liberdade e contentamento surgem ao reconhecer e incorporar verdades espirituais, vendo o mundo material como transit√≥rio e ilus√≥rio. A cura e a transforma√ß√£o s√£o acess√≠veis por meio da compreens√£o e aplica√ß√£o dessas leis espirituais, que s√£o apresentadas como a ci√™ncia verdadeira da vida. A obra enfatiza um processo sistem√°tico para entender e aplicar as leis da mente, come√ßando pela limpeza de conceitos err√¥neos e adotando pensamentos corretos. Destaca-se a import√¢ncia da pr√°tica cont√≠nua em rejeitar o falso e afirmar o verdadeiro para alcan√ßar liberdade espiritual e mental. O texto tamb√©m mostra como ascender al√©m das percep√ß√µes sensoriais e materiais para abra√ßar um conhecimento mais verdadeiro. Mediante o estudo da mente e do Esp√≠rito, o texto investiga como a verdade, recebida sem resist√™ncia, pode purificar e permitir o florescimento humano, enquanto a resist√™ncia a ela pode causar desconforto e agita√ß√£o. Essa transforma√ß√£o mental √© comparada √† quimifica√ß√£o, um processo de purifica√ß√£o que, embora por vezes turbulento, √© essencial para o alinhamento com o Esp√≠rito de Deus. O livro conclui que a verdadeira transforma√ß√£o e liberta√ß√£o v√™m do entendimento espiritual penetrante, que n√£o apenas eleva o indiv√≠duo, mas tamb√©m o capacita a realizar grandes feitos e a unir-se a Deus, alcan√ßando a compreens√£o da verdade e da vida eterna. A.R.Ribeiro. Biblioteca do Novo Pensamento",['Emma Curtis Hopkins']
O Guia das T√©cnicas do Reiki - Cura Reiki para Iniciantes curando mais de 100 doen√ßas,https://play.google.com/store/books/details?id=uXbVEAAAQBAJ&source=gbs_api,"Independentemente de onde voc√™ esteja no caminho, este livro √© para voc√™. Ele oferece uma cartilha sobre uma das minhas ferramentas favoritas de capacita√ß√£o, Reiki, uma energia de cura universal que tem a capacidade de mudar vidas e, acredito, mudar a energia do planeta e do universo de maneiras positivas. No entanto, antes de come√ßarmos a curar todo o universo com a energia Reiki, ele come√ßa com voc√™. Neste livro, apresento ferramentas para come√ßar a usar o Reiki, recontando a hist√≥ria do Reiki, compartilhando com voc√™ como se sintonizar e usar a energia e oferecendo informa√ß√µes sobre como usar o Reiki para si mesmo e para os outros para obter a cura que serve ao maior e maior bem. Se voc√™ est√° procurando um plano f√°cil e compreens√≠vel para se sintonizar e canalizar a energia Reiki, √© isso. Exploraremos os princ√≠pios e pr√°ticas comuns do Reiki e, a seguir, examinaremos v√°rias aplica√ß√µes para corrigir desequil√≠brios energ√©ticos que podem causar problemas f√≠sicos, mentais e emocionais.",
Cura Vibracional Atrav√©s Dos Chakras,http://books.google.com.br/books?id=nQCeQ0H5R9oC&dq=cura+quantica+OR+energia+OR+chakras+OR+reiki+OR+lei+da+atracao+OR+cura+natural&hl=&as_pt=BOOKS&source=gbs_api,,
Superando o Luto e a Solid√£o em Situa√ß√µes de Isolamento Ap√≥s a Morte do Seu Pet,https://play.google.com/store/books/details?id=3tmOEQAAQBAJ&source=gbs_api,"üíî Superando o Luto e a Solid√£o em Situa√ß√µes de Isolamento Ap√≥s a Morte do Seu Pet √© uma obra profundamente acolhedora que fala diretamente ao cora√ß√£o de quem enfrenta a dor da perda em sil√™ncio. üêæ Com uma abordagem humana e emp√°tica, este livro mostra como lidar com o luto em momentos de solid√£o ou afastamento social, oferecendo ferramentas pr√°ticas para reencontrar o equil√≠brio emocional mesmo quando o apoio parece distante. üåßÔ∏è Aqui, voc√™ vai aprender estrat√©gias para enfrentar o vazio, reconstruir sua rotina e transformar a aus√™ncia em conex√£o interior, encontrando consolo nas lembran√ßas e na for√ßa que o amor deixou. üí´ üìò Uma leitura reconfortante e transformadora, feita para quem busca sair do isolamento emocional e reencontrar a paz ‚Äî provando que o amor por um pet continua sendo uma fonte inesgot√°vel de luz. ‚ù§Ô∏è",['Max Editorial']
Sutras Sagradas do Reiki,https://play.google.com/store/books/details?id=TzknEAAAQBAJ&source=gbs_api,breve descri√ß√£o,
Um Guia de Cura Ap√≥s a Partida do Seu Pet,https://play.google.com/store/books/details?id=zNmOEQAAQBAJ&source=gbs_api,"üíî Um Guia de Cura Ap√≥s a Partida do Seu Pet √© um livro sens√≠vel e transformador que acompanha voc√™ passo a passo no processo de reconstruir o cora√ß√£o ap√≥s a perda de um companheiro t√£o especial. üêæ Com empatia, leveza e profundidade emocional, esta obra oferece orienta√ß√µes pr√°ticas, reflex√µes reconfortantes e exerc√≠cios de autocompaix√£o que ajudam a transformar o vazio em serenidade e gratid√£o. üåà Aqui, voc√™ aprender√° como aceitar a dor sem se aprisionar nela, compreender as fases do luto e reencontrar significado em meio √† aus√™ncia ‚Äî lembrando que o amor verdadeiro nunca morre, apenas muda de forma. üí´ üìò Uma leitura terap√™utica e acolhedora, ideal para quem busca consolo, esperan√ßa e um caminho de cura emocional ap√≥s a despedida do seu pet amado. ‚ù§Ô∏è",['Max Editorial']
Sa√∫de Ou Doen√ßa,http://books.google.com.br/books?id=AqqJ2s1HFMMC&dq=cura+quantica+OR+energia+OR+chakras+OR+reiki+OR+lei+da+atracao+OR+cura+natural&hl=&as_pt=BOOKS&source=gbs_api,,
"Cura Atraves Da Forma, Da Energia E Da Luz",http://books.google.com.br/books?id=QTTfkdmyinYC&dq=cura+quantica+OR+energia+OR+chakras+OR+reiki+OR+lei+da+atracao+OR+cura+natural&hl=&as_pt=BOOKS&source=gbs_api,,
Naturopatia/Naturologia: Uma Nova Racionalidade M√©dica?,https://play.google.com/store/books/details?id=awnAEAAAQBAJ&source=gbs_api,"O livro Naturopatia/Naturologia: uma nova racionalidade m√©dica? apresenta essa ci√™ncia como fruto da cultura atual, composta, fragment√°ria e interdisciplinar. Caracterizada, sobretudo, por elementos m√∫ltiplos, sincretismos nas dimens√µes centrada na pr√°tica da intera√ß√£o entre o naturopata/natur√≥logo e a pessoa atendida. Marca-se um novo momento nas racionalidades m√©dicas em que √© proposto, dentro do contexto de forma√ß√£o acad√™mica, uma racionalidade que configura, tamb√©m, uma nova ci√™ncia: transdisciplinar, aberta, complexa e composta, visto que sistemas fechados, duros, deterministas e duais n√£o representam mais a sociedade na qual vivemos. Por isso, este livro ressalta a necessidade de flexibilizar nossas a√ß√µes para compor, enquanto agentes de transforma√ß√£o, seja na sa√∫de ou na educa√ß√£o, novos e integrativos cen√°rios de tratamento e aprendizado. Buscando modos e meios de se compreender o ser humano e, principalmente, respeitando suas normatiza√ß√µes e configura√ß√µes pr√≥prias e √∫nicas.",['Carina Ceratti']
A Dan√ßa do Energias,https://play.google.com/store/books/details?id=lQxPEQAAQBAJ&source=gbs_api,"Desperte a sabedoria ancestral que reside dentro de si com ""Magia Antiga, Tarot, Reiki e Plantas"", um guia completo que o convida a explorar a profunda liga√ß√£o entre estas ferramentas ancestrais. Aprenda a decifrar as mensagens do Tarot, a canalizar a energia curativa do Reiki, a descobrir o poder m√°gico das plantas e a reconectar-se com as suas ra√≠zes atrav√©s de rituais ancestrais. Este livro gui√°-lo-√° numa viagem de autodescoberta e cura, permitindo-lhe integrar estas pr√°ticas na sua vida quotidiana para alcan√ßar o equil√≠brio e a plenitude.",['Alina Rubi']
"M√£os que Curam, M√£os que Falam",https://play.google.com/store/books/details?id=bnZLEQAAQBAJ&source=gbs_api,"Este livro revela a fascinante sinergia entre o Reiki e a quiromancia, duas artes milenares que, quando unidas, abrem um portal para o auto-conhecimento e a cura profunda. Atrav√©s de suas p√°ginas, o leitor entrar√° numa viagem esot√©rica onde as m√£os se transformam em mapas estelares, revelando os segredos da alma atrav√©s da interpreta√ß√£o de linhas e montanhas, potencializadas pela energia universal do Reiki.",['Alina Rubi ']
Cura Crist√£,https://play.google.com/store/books/details?id=kPUMEQAAQBAJ&source=gbs_api,"Estas n√£o s√£o simplesmente palestras; s√£o, antes, li√ß√µes. Eles n√£o devem ser meramente lidos; devem ser estudados e aplicados como se estuda e aplica regras matem√°ticas. Quando o texto sugerir que o leitor ""mantenha um pensamento"", afirme ou negue uma determinada proposi√ß√£o, o aluno deve parar de ler e, aud√≠vel e mentalmente, fazer o que foi pedido. Isso criar√° novas correntes de pensamento na mente e no corpo e abrir√° caminho para a ilumina√ß√£o espiritual que se seguir√° em todos os que forem fi√©is a essas instru√ß√µes. As declara√ß√µes que seguem cada li√ß√£o devem ser usadas para disciplina mental. Anote essas afirma√ß√µes e aplique-as diariamente enquanto estuda a li√ß√£o √† qual correspondem. Qualquer pessoa pode fazer cura espiritual se usar as regras simples de nega√ß√£o e afirma√ß√£o aqui expostas. Se desejar curar outra pessoa, mantenha-a em mente e repita mentalmente as nega√ß√µes e afirma√ß√µes; isso elevar√° sua consci√™ncia √† realidade espiritual, onde todo poder de cura se origina. Se quiser curar a si mesmo, converse com sua mente e seu corpo como faria com um paciente. Charles Sherlock Fillmore. Biblioteca do Novo Pensamento A.R.Ribeiro",['Charles Sherlock Fillmore']
Reiki - trabalho de energia hol√≠stica,https://play.google.com/store/books/details?id=SMg_CwAAQBAJ&source=gbs_api,"Reconhecer polaridades descobrir a beleza interior, ganhar divina pot√™ncia raios brilho e eventualmente curar atrav√©s do trabalho de energia valiosa... com Reiki. De acordo com o m√©todo do Dr. Mikao Usui. A vitalidade milenar, uma troca de energia com a possibilidade para corrigir canais de energia, reduzir ou eliminar energia o desconforto f√≠sico e emocional. Por meio de transfer√™ncia de energia, torna-se poss√≠vel equilibrar corpo e alma, reorientar, harmonizar e curar. Energia universal como energia vital. Nivel 1 at√© 4.",['Luise Hakasi']
A Cura Pelo Reiki,http://books.google.com.br/books?id=wsmPj-CeqrkC&dq=cura+quantica+OR+energia+OR+chakras+OR+reiki+OR+lei+da+atracao+OR+cura+natural&hl=&as_pt=BOOKS&source=gbs_api,,['ELEANOR MCKENZIE']
Milagres da mente,https://play.google.com/store/books/details?id=5BJxEQAAQBAJ&source=gbs_api,"Quando nos deparamos com desafios imposs√≠veis de superar, os milagres acontecem. Do mesmo autor do best-seller O poder do subconsciente, Milagres da mente √© a porta de entrada para as capacidades extraordin√°rias do subconsciente. A f√© move montanhas, a intelig√™ncia √© capaz de transformar o mundo e o pensamento positivo √© a chave para o sucesso. Em Milagres da mente, voc√™ descobrir√° como superar os pensamentos negativos e as cren√ßas limitantes ocultas em seu subconsciente que o impedem de progredir. Ser√° como aprender a plantar sementes de positividade que v√£o sanar suas atribula√ß√µes e lhe garantir um futuro de abundante prosperidade. Neste cl√°ssico atemporal, o autor best-seller Dr. Joseph Murphy introduz o conceito de duas mentes: a consciente, a parte anal√≠tica e racional, e a subconsciente, que cont√©m emo√ß√µes, mem√≥rias e cren√ßas capazes de influenciar nossos pensamentos, comportamentos e relacionamentos, impactando assim nossa vida por completo. Em Milagres da mente, Murphy nos orienta no uso da for√ßa do subconsciente para desenvolver todo nosso potencial e obter melhorias antes inalcan√ß√°veis. As t√©cnicas e mantras compartilhados por ele v√£o acionar esse poder adormecido e assim ajudar na supera√ß√£o de medos e fraquezas, beneficiar a sa√∫de, garantir a prosperidade financeira, resolver problemas de relacionamento e servir de orienta√ß√£o para a tomada de decis√µes importantes. Com passagens inspiradoras da B√≠blia e relatos de supera√ß√£o comoventes, Milagres da mente oferece conselhos valiosos para as muitas quest√µes que afligem a humanidade, al√©m de apresentar todos os passos para prover a mente com as ferramentas e atitudes que nos permitem acessar o poder infinito que habita em n√≥s. ""Existe apenas um processo de cura e este √© a f√©; existe apenas um poder de cura: o subconsciente."" ‚Äî Dr. Joseph Murphy",['Joseph Murphy']
A dor que cura,https://play.google.com/store/books/details?id=FxSEDwAAQBAJ&source=gbs_api,"‚ÄúPensar √© o trabalho mais pesado que h√°, e, talvez, seja essa a raz√£o para t√£o poucas pessoas se dediquem a tal tarefa.‚Äù ? Henry Ford Cuidado com seus pensamentos. Ali√°s, cuidado com as VOZINHAS que sopram em seus ouvidos toda vez que quer algo que √© diferente do que os OUTROS esperam ou querem que voc√™ seja, fa√ßa e tenha. Este caminho tem um endere√ßo final chamado DEPRESS√ÉO ou FRUSTRA√á√ÉO. A boa not√≠cia √© que voc√™ tem ESCOLHA. Se escolher PENSAR por voc√™ mesmo e seguir sua ESS√äNCIA, chegar√° no endere√ßo chamado FELICIDADE ou VIT√ìRIA. Sei muito bem que esse caminho √© para poucos. Somente os COMPROMETIDOS com o sucesso, conseguem ter FOR√áA para alcan√ßar a VIT√ìRIA. Os passos para seguir nesse caminho, voc√™ encontra nesse livro. S√£o passos testados e aprovados por mim e por quem chegou nesse endere√ßo chamado FELICIDADE. Revele sua Ess√™ncia, seja voc√™ mesmo e sinta ALEGRIA DE VIVER!",['Helena Ogro']
O Grande Livro do Reiki - Edi√ß√£o Comemorativa,http://books.google.com.br/books?id=g0JWEQAAQBAJ&dq=cura+quantica+OR+energia+OR+chakras+OR+reiki+OR+lei+da+atracao+OR+cura+natural&hl=&as_pt=BOOKS&source=gbs_api,"O livro de Reiki mais importante em Portugal. Edi√ß√£o comemorativa, profundamente revista e com dois novos cap√≠tulos. O Reiki √© uma energia universal, que est√° em todo o lado com uma frequ√™ncia abrangente, curadora e vital. √â a energia da cria√ß√£o, que anima todas as coisas vivas. Este livro √© um manual pr√°tico que nos ajuda a compreender o que √© o Reiki e tudo aquilo que √© poss√≠vel atingir atrav√©s dele. Apresenta todas as etapas que devem ser percorridas, desde a inicia√ß√£o at√© √† prepara√ß√£o para chegar ao grau de mestre. Por isso, √© indicado para todos os que desejam fazer do Reiki a sua filosofia de vida: principiantes, praticantes e mestres. Um livro de refer√™ncia, que inclui: - Explica√ß√£o do que √© o Reiki para n√£o praticantes e a sua prepara√ß√£o para um curso de Reiki; - Apresenta√ß√£o da hist√≥ria e dos s√≠mbolos de Reiki e um breve dicion√°rio; - Exemplifica√ß√£o das t√©cnicas de Reiki e guia pr√°tico com figuras e imagens de apoio; - Descri√ß√£o dos diferentes n√≠veis de Reiki. De Shoden a Shinpiden, do N√≠vel 1 ao N√≠vel 3, a Gokukaiden, ensinar a ensinar; - Aplica√ß√£o do Reiki ‚Äî formas de viver esta filosofia de vida no dia a dia. Os elogios dos leitores: ¬´Excelente livro. Muito interessante para quem quer aprender Reiki.¬ª Jos√© Ant√≥nio G. ¬´Uma refer√™ncia no Reiki! Um livro que explica de forma simples as bases do Reiki, quer para quem est√° no in√≠cio deste caminho, quer para quem pratica e estuda. O autor √© dos melhores a n√≠vel mundial.¬ª Amut A. ¬´Excelente livro. Bem organizado, linguagem clara, bons esquemas explicativos, apto como manual para v√°rios n√≠veis de aprendizagem e pr√°tica do Reiki.¬ª Leonor L. ¬´Um excelente manual de Reiki. Sem d√∫vida que Jo√£o Magalh√£es √© um grande mestre. Recomendo vivamente este manual a quem queira que o Reiki fa√ßa parte da sua vida.¬ª Sandra T.",['Jo√£o Magalh√£es']
Comp√™ndio de Psiquiatria - 11ed,https://play.google.com/store/books/details?id=tQiRDQAAQBAJ&source=gbs_api,"Comp√™ndio de psiquiatria, recurso fundamental para a forma√ß√£o e a atualiza√ß√£o nas √°reas relacionadas √† sa√∫de mental, chega √† sua 11a edi√ß√£o totalmente atualizado. Entre outros destaques, inclui novos casos que auxiliam na compreens√£o dos conte√∫dos abordados, crit√©rios diagn√≥sticos do DSM-5, al√©m de cap√≠tulos ampliados sobre psicofarmacologia e psiquiatria da inf√¢ncia.","['Benjamin J. Sadock', 'Virginia A. Sadock', 'Pedro Ruiz']"
Terapia para Distrofia Muscular de Duchenne,https://play.google.com/store/books/details?id=FDhpEQAAQBAJ&source=gbs_api,"Bem-vindo(a) ao ""Terapia para Distrofia Muscular de Duchenne"". Este livro representa uma jornada abrangente e compassiva na busca por terapias que ofere√ßam suporte integral a indiv√≠duos enfrentando os desafios da Distrofia Muscular de Duchenne (DMD). A DMD n√£o √© apenas uma condi√ß√£o f√≠sica, mas uma jornada emocional e espiritual para o paciente e seus entes queridos. Este livro nasceu da convic√ß√£o de que a terapia pode ser uma ferramenta poderosa para aliviar o fardo f√≠sico, emocional e mental associado a essa condi√ß√£o. Ao longo destas p√°ginas, exploraremos diversas abordagens terap√™uticas, desde m√©todos tradicionais at√© t√©cnicas inovadoras e alternativas. Acreditamos na import√¢ncia de uma abordagem hol√≠stica, reconhecendo a interconex√£o entre mente, corpo e esp√≠rito. Cada cap√≠tulo √© uma jornada por terrenos terap√™uticos distintos, desde as terapias narrativas at√© as pr√°ticas de arte terap√™utica, passando por t√©cnicas de enfrentamento e planejamento para o futuro. O objetivo √© proporcionar aos leitores uma caixa de ferramentas diversificada, adapt√°vel √†s necessidades √∫nicas de cada indiv√≠duo afetado pela DMD. Ao compartilhar conhecimento, experi√™ncias e t√©cnicas, esperamos inspirar n√£o apenas os profissionais de sa√∫de, mas tamb√©m aqueles que vivem diariamente com a DMD. Nossa esperan√ßa √© que este livro sirva como um guia compassivo, oferecendo n√£o apenas terapias, mas tamb√©m um raio de esperan√ßa para aqueles que enfrentam os desafios dessa condi√ß√£o. A jornada da DMD √© complexa, mas acreditamos na resili√™ncia do esp√≠rito humano e na capacidade de encontrar conforto e significado mesmo nas circunst√¢ncias mais desafiadoras. Que este livro seja uma fonte de apoio, conhecimento e inspira√ß√£o para todos os leitores que buscam compreender, enfrentar e superar os obst√°culos apresentados pela Distrofia Muscular de Duchenne.",['Edenilson Brandl']
O Poder do Reiki,https://play.google.com/store/books/details?id=-500PCvQvo8C&source=gbs_api,"Este livro nasceu dos estudos e pr√°ticas do autor em rela√ß√£o ao Reiki, inclusive enquanto mestre de Reiki em face de centenas de inicia√ß√µes que vem realizando em seus alunos nos diversos n√≠veis e mestrados Usui e Karuna. O foco principal do livro est√° centrado essencialmente no aspecto pr√°tico do Reiki. Desse modo, s√£o priorizadas, com os coment√°rios do autor, as experi√™ncias vividas por seus alunos durante as inicia√ß√µes de Reiki, e quando de suas pr√°ticas dessa terapia hol√≠stica, cujos frutos s√£o in√∫meros e especial√≠ssimos.",['Moacir Sader']
"Livro Completo Da Medicina Energetica, O",http://books.google.com.br/books?id=ySIl7vimsAYC&dq=cura+quantica+OR+energia+OR+chakras+OR+reiki+OR+lei+da+atracao+OR+cura+natural&hl=&as_pt=BOOKS&source=gbs_api,,
Metatron,https://play.google.com/store/books/details?id=xTAmEQAAQBAJ&source=gbs_api,"Metatron - O Livro do Disc√≠pulo Os mist√©rios ocultos do universo s√£o o caminho para o desbloqueio do verdadeiro potencial espiritual em Metatron - O Livro do Disc√≠pulo. Conduzido pela luz do Arcanjo Metatron, o guardi√£o dos Registros Divinos e Escriba Celestial, este livro revela segredos milenares que v√£o al√©m do mundo f√≠sico, mergulhando profundamente nos ensinamentos da Cabala, Geometria Sagrada e as emana√ß√µes divinas que governam o cosmos. Se voc√™ j√° se perguntou como alcan√ßar a verdadeira ascens√£o espiritual ou como acessar as energias superiores que moldam a realidade, este livro √© o guia indispens√°vel. Atrav√©s de pr√°ticas esot√©ricas poderosas e conhecimento ancestral, voc√™ ser√° guiado por uma jornada de transforma√ß√£o interior, onde aprender√° a harmonizar corpo, mente e esp√≠rito com as for√ßas c√≥smicas. Prepare-se para se conectar com o Arcanjo Metatron, aquele que transcende as dimens√µes, e permita que sua sabedoria transforme sua vida, trazendo clareza, prote√ß√£o e prop√≥sito. Em Metatron - O Livro do Disc√≠pulo, Aria Hayes nos conduz ao vasto e enigm√°tico mundo do Arcanjo Metatron, o intermedi√°rio entre o divino e o humano. Explorando tradi√ß√µes esot√©ricas como a Cabala e a Geometria Sagrada, este livro oferece ao leitor um caminho para desvendar segredos ocultos sobre o universo e sobre si mesmo. Aprenda como a presen√ßa de Metatron pode elevar sua consci√™ncia e trazer equil√≠brio para sua vida cotidiana, al√©m de revelar como acessar o Cubo de Metatron, uma ferramenta sagrada que reorganiza as energias c√≥smicas e proporciona harmonia espiritual. Repleto de pr√°ticas meditativas, visualiza√ß√µes poderosas e instru√ß√µes detalhadas para conectar-se com as vibra√ß√µes superiores do Arcanjo, Metatron - O Livro do Disc√≠pulo √© ideal para buscadores espirituais, praticantes de medita√ß√£o, e todos aqueles interessados em expandir sua jornada espiritual. A cada p√°gina, voc√™ ser√° inspirado a transcender as limita√ß√µes terrenas e encontrar a luz divina dentro de si. Se voc√™ busca prote√ß√£o espiritual, clareza mental e uma conex√£o profunda com os mist√©rios do cosmos, este livro √© um convite para acessar as dimens√µes superiores. Ele n√£o √© apenas uma leitura; √© uma chave para a transforma√ß√£o. Compre Metatron - O Livro do Disc√≠pulo e inicie agora sua jornada de ascens√£o espiritual. Termos Como se conectar com o Arcanjo Metatron para orienta√ß√£o espiritual T√©cnicas de medita√ß√£o de geometria sagrada com o cubo de Metatron O papel de Metatron na ascens√£o divina e no despertar da alma Como ativar e usar o Cubo de Metatron para cura energ√©tica Rituais para invocar a prote√ß√£o e a luz do Arcanjo Metatron Arcanjo Metatron e os segredos da √Årvore da Vida Transforma√ß√£o espiritual atrav√©s dos ensinamentos de Metatron Como canalizar a sabedoria divina com o poder de Metatron A ess√™ncia energ√©tica de Metatron e sua influ√™ncia espiritual T√©cnicas para se conectar com a linguagem da luz de Metatron Orienta√ß√£o de Metatron sobre como acelerar o crescimento espiritual Rituais de cura com Metatron para equil√≠brio emocional e energ√©tico Como fortalecer sua conex√£o com Metatron usando cristais Compreendendo o papel c√≥smico de Metatron nos rituais sagrados Pr√°ticas de medita√ß√£o para acessar a consci√™ncia superior com Metatron",['Aria Hayes']
Cura,https://play.google.com/store/books/details?id=Nz1ODQAAQBAJ&source=gbs_api,"O campo da medicina voltado tanto para a mente quanto para o corpo √© constantemente acusado de enganar os pacientes e lhes dar falsas esperan√ßas. No entanto, cientistas de diversas √°reas t√™m encontrado evid√™ncias de que a influ√™ncia da mente sobre o corpo √© muito mais ampla do que se imagina. Em Cura, a premiada autora Jo Marchant viaja pelo mundo para conhecer m√©dicos, pacientes e pesquisadores de vanguarda desse novo campo da medicina. Veremos, entre outros exemplos, como a medita√ß√£o pode nos proteger da depress√£o e da dem√™ncia, como os v√≠nculos sociais aumentam nossa expectativa de vida e como pacientes que se sentem amparados se recuperam mais r√°pido de cirurgias. Com base nas mais recentes pesquisas, Marchant explora o vasto potencial da mente para curar, expondo suas limita√ß√µes e explicando como podemos utilizar esses resultados em nossa vida cotidiana.",['Jo Marchant']
Sa√∫de integrativa no cuidado do c√¢ncer,https://play.google.com/store/books/details?id=6W0eEAAAQBAJ&source=gbs_api,"Este livro √© como uma viagem a terras desconhecidas, unindo, de forma harm√¥nica, saberes e pr√°ticas milenares a t√©cnicas mais recentes e convencionais na linha de cuidado do c√¢ncer. Convidamos os leitores a embarcarem em novos mares e paradigmas pautados e fundamentados por evid√™ncias cient√≠ficas e relatos de experi√™ncias.","['Carla Val√©ria Martins Rodrigues', 'Ana Cristina Bechara Barros Fr√≥es Garcia']"
Ciencia Da Cura Pranica,http://books.google.com.br/books?id=nbAOoKWHKyAC&dq=cura+quantica+OR+energia+OR+chakras+OR+reiki+OR+lei+da+atracao+OR+cura+natural&hl=&as_pt=BOOKS&source=gbs_api,,
Cura Pr√¢nica,https://play.google.com/store/books/details?id=PG4PEQAAQBAJ&source=gbs_api,"Descubra o poder transformador da cura pr√¢nica e mergulhe em um universo onde a energia vital √© a chave para a sa√∫de e o bem-estar. ""Cura Pr√¢nica: O Poder da Energia Vital"" √© o guia definitivo para quem deseja explorar as pr√°ticas antigas e modernas de manipula√ß√£o do prana, a for√ßa vital que sustenta a vida. Neste livro, o autor revela os segredos da cura energ√©tica, desde os conceitos b√°sicos at√© as t√©cnicas avan√ßadas de limpeza energ√©tica, energiza√ß√£o e estabiliza√ß√£o. Ideal para iniciantes e praticantes experientes, esta obra oferece um caminho claro e acess√≠vel para todos que desejam melhorar sua sa√∫de f√≠sica, emocional e espiritual. Com uma linguagem envolvente e exemplos pr√°ticos, voc√™ aprender√° a detectar e remover bloqueios energ√©ticos, restaurando o equil√≠brio e promovendo um bem-estar integral. Descubra como a medita√ß√£o, a respira√ß√£o pr√¢nica e o uso de cristais podem transformar sua vida, proporcionando uma conex√£o mais profunda com sua pr√≥pria energia e com o universo ao seu redor. Por que escolher este livro? 1. Compreens√£o Profunda: Aprofunde-se no mundo do prana e entenda como ele influencia todos os aspectos de sua vida. 2. Aplica√ß√£o Pr√°tica: T√©cnicas f√°ceis de seguir que podem ser aplicadas imediatamente para melhorar sua sa√∫de e bem-estar. 3. Abordagem Hol√≠stica: Uma vis√£o integrada que considera corpo, mente e esp√≠rito, promovendo uma cura completa e duradoura. 4. Acesso Universal: Independente de sua experi√™ncia ou cren√ßas, este livro √© um convite aberto para todos que buscam transforma√ß√£o pessoal. Se voc√™ est√° em uma jornada de autocura ou deseja ajudar outros a alcan√ßar um estado de equil√≠brio e harmonia, ""Cura Pr√¢nica: O Poder da Energia Vital"" √© o recurso que voc√™ precisa. Junte-se a milhares de leitores que j√° descobriram os benef√≠cios da cura pr√¢nica e comece hoje mesmo sua transforma√ß√£o energ√©tica.",['Luan Ferr']
"Reiki, Johnny De' Carli responde - Vol. 1",https://play.google.com/store/books/details?id=2fJNEAAAQBAJ&source=gbs_api,"Esse livro come√ßou a nascer logo no primeiro ano de vida do Instituto Brasileiro de Pesquisas e Difus√£o do Reiki, com as d√∫vidas enviadas pelos alunos via internet. Tamb√©m, no in√≠cio de 2004 uma amiga e aluna de Salvador/BA, a mestre de Reiki Sandra Val√©ria Coelho e seu marido Murilo criaram o primeiro grupo virtual de Reiki em redes sociais. Nesse grupo, criei tr√™s salas de aula para os N√≠veis 1, 2 e 3-A. Isso tudo nos gerou um acervo incr√≠vel sobre o Reiki. No dia 15 de mar√ßo de 2020, Rita e eu nos recolhemos em S√£o Paulo em isolamento social devido a pandemia ocasionada pelo COVID 19. Para ocupar o nosso tempo, resolvi organizar esse importante material at√© ent√£o registrado. O acervo foi suficiente para a publica√ß√£o de quatro livros com perguntas e respostas para os N√≠veis 1, 2, 3-A e 3-B. Assim, com muita alegria e com a gra√ßa de Deus, apresento-lhes o Volume 1 desse material.","[""Johnny De'Carli""]"
Cura Magn√©tica Vital (Traduzido),https://play.google.com/store/books/details?id=DrBYEAAAQBAJ&source=gbs_api,"Desde o per√≠odo mais remoto da hist√≥ria humana, o poder da mente sobre a mente e a mente sobre a mat√©ria √© conhecido. Em todas as √©pocas ele tem, at√© certo ponto, e de alguma forma tem sido ilustrado; e tem descido at√© n√≥s em anais leg√≠timos ou hist√≥rias tradicionais, vislumbres ocasionais ou relatos mais completos de sua aplica√ß√£o no tratamento de doen√ßas, seguidos pelos resultados mais maravilhosos. Com apenas a luz de uma filosofia materialista para orientar, as declara√ß√µes n√£o poderiam ser consideradas sen√£o maravilhosas, se n√£o consideradas absolutamente incr√≠veis. Sustentadas por testemunhos competentes e confi√°veis, mas contr√°rias √† experi√™ncia geral, e em oposi√ß√£o √†s leis f√≠sicas conhecidas, s√≥ poderiam ser explicadas por uma cren√ßa no milagre. Mas desde que os limites da ci√™ncia natural foram vastamente ampliados, chegou-se ao entendimento de que tais fen√¥menos n√£o s√£o nem antinaturais, nem sobrenaturais, nem milagrosos. Embora em certas √©pocas sua manifesta√ß√£o tenha sido confinada a poucas pessoas, ou conhecida apenas em casos isolados; a medida em que eles foram observados assim flutuando de tempos em tempos, eles t√™m aumentado rapidamente nos √∫ltimos anos, de modo que em nossos dias eles n√£o s√£o de ocorr√™ncia incomum.",['Magn√©tico Um M√©dico']
"Promessa de Cura Do Qi, a",http://books.google.com.br/books?id=NUXtIr_omBAC&dq=cura+quantica+OR+energia+OR+chakras+OR+reiki+OR+lei+da+atracao+OR+cura+natural&hl=&as_pt=BOOKS&source=gbs_api,,
"Reiki,o Caminho Do Cora√ßao",http://books.google.com.br/books?id=xpdDq2MOhYwC&dq=cura+quantica+OR+energia+OR+chakras+OR+reiki+OR+lei+da+atracao+OR+cura+natural&hl=&as_pt=BOOKS&source=gbs_api,,
Enciclop√©dia de Anatomia do Corpo Sutil,https://play.google.com/store/books/details?id=PKgeEAAAQBAJ&source=gbs_api,"Este livro in√©dito, √© a primeira enciclop√©dia de anatomia energ√©tica humana. √â uma obra de refer√™ncia essencial para profissionais de sa√∫de, que re√∫ne ilustra√ß√µes com as energias invis√≠veis do nosso esp√≠rito e corpo f√≠sico, da pisque e da consci√™ncia, as quais influenciam totalmente nosso bem-estar. A autora Cindi Dale, agente de cura energ√©tica e erudita neste campo do conhecimento, nos apresenta termos, ilustra√ß√µes e verbetes detalhados sobre a biologia energ√©tica e o modo como ela se relaciona com o nosso corpo f√≠sico. Todas essas informa√ß√µes, ajudar√£o o leitor a aperfei√ßoar qualquer modalidade terap√™utica. Um compendio sem precedentes para adotar uma abordagem de cura integrada, completa e equilibrada em todos os n√≠veis.",['Cyndi Dale']
Repertoriza√ß√£o homeop√°tica e escala cinquenta milesimal,https://play.google.com/store/books/details?id=VkLHEAAAQBAJ&source=gbs_api,"A Homeopatia, que significa ‚Äúcura pelos semelhantes‚Äù, isto √©, a mesma subst√¢ncia que causa sintomas no indiv√≠duo sadio √© que vai curar o paciente quando este mesmo paciente apresentar sintomas; de forma semelhante ao que √© produzido pela experimenta√ß√£o no indiv√≠duo s√£o. Trata-se de uma abordagem racional e inteligente. Essa sintomatologia √© catalogada nos livros chamados de ‚ÄúMat√©ria M√©dica Homeop√°tica‚Äù. Pois bem, alguns autores fizeram uma s√≠ntese anal√≠tica e taxon√¥mica, em outros livros designada como Repert√≥rio, onde √© poss√≠vel proceder ao cruzamento de dados, ou seja, de v√°rios sintomas existentes neste mesmo Repert√≥rio a fim de se conseguir o medicamento mais apropriado ao paciente. Sabe-se que nem todo mundo consegue ter mem√≥ria para gravar ou decorar as muitas Mat√©rias M√©dicas de v√°rios autores, da√≠ a indica√ß√£o do Repert√≥rio, que facilita, possibilitando chegar ao medicamento, sen√£o o adequado, o mais pr√≥ximo do ideal. Logicamente, o estudo das Mat√©rias M√©dicas √© condi√ß√£o ‚Äúsine qua non‚Äù para se tornar um bom homeopata. A segunda parte refere-se √† Escala Cinquenta Milesimal (LM), que foi objeto de estudo de Samuel Hahnemann, pai da Homeopatia, na sexta edi√ß√£o do organon, que tem entre outras peculiaridades a permiss√£o √∫nica para se administrar repetidamente a mesma pot√™ncia medicamentosa. Parece existir uma certa resist√™ncia para se fazer uso das LMs, talvez pelo desconhecimento a respeito de sua facilidade √≠mpar de manejo. A ‚Äúdificuldade‚Äù, se √© que pode-se usar este termo, ocorre por conta de sua elabora√ß√£o t√©cnica. Todavia, est√£o a√≠ os nossos parceiros farmac√™uticos para nos ajudar e, muitas vezes, nos esclarecer sobre este item formid√°vel. Neste livro h√° v√°rios exemplos de casos cl√≠nicos muito elucidativos, al√©m de contar com um cap√≠tulo sobre o Progn√≥stico Cl√≠nico Din√¢mico, que pode ser muito √∫til para o aprendizado daqueles que est√£o iniciando nesta importante arte de cura. Longe de esgotar o assunto, estamos abertos a outras sugest√µes.",['Celso Batello']
